<definitions>
  <rules>
    <rule id="CCE_FF_VOLATILE"
          name="Volatile field only written during initialization"
          category="Immutability"
          severity="major">
      <description><![CDATA[
      <p>The reported field is volatile, but all writes to the field
      occur during initialization. If the field references an array or
      collection object, this may indicate a misunderstanding about
      the semantics of volatile fields in Java.</p>

      <h2>Details</h2>

      <p>This rule checks that there are no fields that are declared
      as volatile, but are only written to during object or class
      initialization.</p>

      <p>The following code snippet demonstrates two cases where
      ThreadSafe will report a warning that a volatile field is only
      written to during initialization.</p>

      <pre><code>
      public class LoggedIncrementingList {

          private volatile int[] items;

          private volatile List&lt;String&gt; log;

          public LoggedIncrementingList() {
              items = new int[1024];
              initalizeLog();
          }

          private void initialiseLog() {
              log = new LinkedList&lt;String&gt;();
          }

          public void increment(int i) {
              log.add("Request " + i);
              items[i]++;
          }

      }
      </code></pre>

      <p>The fields <code>items</code> and <code>log</code> are both
      declared as <code>volatile</code>, but both fields are only
      written to during object initialization. The field
      <code>items</code> is only written to in the constructor, while
      the field <code>log</code> is written to in a private method
      that is only called from the constructor.</p>

      <p>Note that, for both fields, the <em>collection</em> stored in
      each field is written to in the public method
      <code>increment</code>, but the field itself is never
      changed.</p>

      <h2>Risks and Remediation</h2>

      <p>It is sometimes assumed that declaring a field as volatile
      will provide volatile semantics for the object or array
      referenced by the field. However, volatile semantics are only
      guaranteed for the field itself, and not the object or array
      that the field references. Expecting volatile semantics for
      array or collection elements will result in undefined behaviour
      when accessing them from multiple threads, leading to data
      corruption and unpredictable results.</p>

      <h3>Arrays</h3>

      <p>A field of array type that is declared as volatile only has
      volatile semantics for the array reference. The array elements
      themselves do not have volatile semantics.  If volatile
      semantics are required for an array, consider using one of the
      atomic array classes from the <code>java.util.concurrent</code>
      package:
      <ul>
      <li><code>AtomicIntegerArray</code>;</li>
      <li><code>AtomicLongArray</code>; or</li>
      <li><code>AtomicReferenceArray</code>.</li>
      </ul>
      If the size of the array never needs to change, then the field
      can be declared final. For more information, consult <em>Java
      Concurrency in Practice</em>, Section&nbsp;15.3: Atomic variable
      classes.</p>

      <h3>Collections, and other kinds of Object</h3>

      <p>A field of object type that is declared as volatile only has
      volatile semantics for the object reference. The fields of that
      object will not have volatile semantics unless they are declared
      so.</p>

      <h3>Fields that could be made final</h3>

      <p>It is good practice to declare fields as final if they are
      not modified after the object is constructed, where possible.
      It is simpler to reason about the behaviour of a class in a
      multi-threaded environment if most of the fields are final than
      a similar class where most of the fields are not declared
      final.</p>

      <p>For more information about how to effectively use final and
      volatile fields in a multi-threaded program, please consult
      <em>Java Concurrency in Practice</em>,
      Sections&nbsp;3.14&nbsp;and&nbsp;3.4.1.</p> ]]>
      </description>
    </rule>

    <rule id="CCE_SL_INCONSISTENT"
          name="Inconsistent synchronization of accesses to a field"
          category="Locking"
          severity="major">
      <description><![CDATA[

    <p>The field is usually, but not always, accessed while holding a
    lock. The programmer may have intended that all accesses were to
    be protected by a single lock, but has missed some.</p>

    <p>If concurrent reads and writes to a field are not synchronized,
    the program will be prone to data races, and data corruption and
    unpredictable behaviour will result.</p>

    <p>When viewing a finding of this type in Eclipse, it is possible
    to discover which locks are involved with accesses to this field
    by using the <strong>Accesses view</strong>. The Accesses view can
    be opened by following the 'Accesses and Locks' link in the detail
    pane to the right of the ThreadSafe view.</p>

    <h2>Details</h2>

    <p>This rule looks for fields that are usually accessed with
    synchronization by some lock, but in some places are accessed
    without synchronization by a lock.</p>

    <p>The following code snippet demonstrates an example of a class
    declaration for which ThreadSafe will warn that the field
    <code>x</code> has been inconsistently synchronized.</p>

    <pre><code>
      public class Counter {

          private int x;

          public synchronized void incrementX() {
              x++;
          }

          public synchronized void decrementX() {
              x--;
          }

          public int getX() {
              return x;
          }

      }
    </code></pre>

    <p>The methods <code>incrementX()</code> and
    <code>decrementX()</code> synchronize their accesses to the field
    <code>x</code> using the intrinsic lock associated with the object
    instance. However, the method <code>getX()</code> does not
    participate in the synchronization, and so there is a risk of a
    data race occuring between the writes in the first two methods and
    the read in <code>getX()</code>. Concretely, this may result in
    <code>getX()</code> returning values that are grossly outdated, or
    even just always returning <code>0</code> (the default value for
    fields of type <code>int</code>), depending on the underlying
    machine architecture.</p>

    <p>ThreadSafe examines all accesses to every field, whether they
    occur within the same class that the field is declared, a subclass
    of that class, inner or outer classes, or any other class within
    the set of classes being analyzed. Accesses to fields that are
    only reachable from instance or class initializers are discounted
    as they are unlikely to be executed concurrently with other method
    invocations on the same object.</p>

    <p>An access is regarded as synchronized if it occurs either while
    an intrinsic lock is held (via use of the
    <code>synchronized</code> keyword), or if a first-class
    <code>java.util.concurrent.locks.Lock</code> has been acquired and
    is yet to be released.</p>

    <h2>Risks and Remediation</h2>

    <p>For the avoidance of data races, it is important that fields
    that are accessed concurrently are consistently guarded by a
    common lock. Reads, as well as writes, such as those that occur in
    getter methods, need to be synchronized. Failure to correctly
    synchronize concurrent reads and writes can lead to corrupted data
    and unpredictable behavior.</p>

    <p>Inconsistent synchronization warnings can be fixed by ensuring
    that all accesses to the named field are guarded by the same
    lock.</p>

    <h2>Parameters</h2>
    <dl>
    <dt>threshold</dt>
    <dd>
    This sets the threshold ratio of unsynchronized to synchronized
    accesses that are required before a field is reported as
    inconsistently synchronized. The lower this is set, the more
    sensitive the analysis is, but the more likely it is to report
    false positives. The default value is 70. Field writes are
    weighted more heavily than reads.
    </dd>
    </dl>

    ]]></description>
      <parameters>
        <parameter name="threshold">
          <intType min="0" max="100" default="70" />
          <description><![CDATA[The threshold ratio of unsynchronized
          to synchronized accesses that are required before a field is
          reported as inconsistently synchronized.]]></description>
        </parameter>
      </parameters>
      <analyserMapping>
        <parameterValueArgument name="--sla-threshold" parameter="threshold"/>
      </analyserMapping>
    </rule>

    <rule id="CCE_SL_MIXED"
          name="Mixed synchronization of accesses to a field"
          category="Locking"
          severity="major">
      <description><![CDATA[

    <p>The field is always accessed with a lock held, but there is no
    single lock that is common to all accesses. The programmer may
    have intended that all accesses were to be protected by a single
    lock, but has mistakenly used two or more different locks.</p>

    <p>If concurrent reads and writes to the field are not
    synchronized with a common lock, then the program will be prone to
    data races, and hence data corruption and unpredictable
    behaviour.</p>

    <p>When viewing a finding of this type in Eclipse, it is possible
    to discover which locks are involved with accesses to this field
    by using the <strong>Accesses view</strong>. The Accesses view can
    be opened by following the 'Accesses and Locks' link in the detail
    pane to the right of the ThreadSafe view.</p>

    <h2>Details</h2>

    <p>This rule looks for fields that are always accessed with locks
    held, but there is no one lock that is common to all accesses.</p>

    <p>The following code snippet demonstrates an example of a class
    declaration for which ThreadSafe will warn that the field
    <code>x</code> has been accessed with mixed synchronization.</p>

    <pre><code>
      public class IncrementorDecrementor {

          private int x;

          private final Object lock = new Object();

          public synchronized void incrementX() {
              x++;
          }

          public synchronized void decrementX() {
              x--;
          }

          public void getX() {
              synchronized (lock) {
                  return x;
              }
          }

      }
    </code></pre>

    <p>The methods <code>incrementX()</code> and
    <code>decrementX()</code> synchronize their accesses to the field
    <code>x</code> using the intrinsic lock associated with the object
    instance. However, the method <code>getX()</code> synchronizes on
    the intrinsic lock associated with the object in the field
    <code>lock</code>, so there is a risk of a data race occuring
    between the writes in the first two methods and the read in
    <code>getX()</code>. Concretely, this may result in
    <code>getX()</code> returning values that are grossly outdated, or
    even just always returning <code>0</code> (the default value for
    fields of type <code>int</code>), depending on the underlying
    machine architecture.</p>

    <p>ThreadSafe examines all accesses to every field, whether they
    occur within the same class that the field is declared, a subclass
    of that class, inner or outer classes, or any other class within
    the set of classes being analyzed. Accesses to fields that are
    only reachable from instance or class initializers are discounted
    as they are unlikely to be executed concurrently with other method
    invocations on the same object.</p>

    <p>An access is regarded as synchronized if it occurs either while
    an intrinsic lock is held (via use of the
    <code>synchronized</code> keyword), or if a first-class
    <code>java.util.concurrent.locks.Lock</code> has been acquired and
    is yet to be released.</p>

    <h2>Risks and Remediation</h2>

    <p>For the avoidance of dataraces, it is important that fields
    that are accessed concurrently are consistently guarded by a
    common lock. Reads, as well as writes, such as those that occur in
    getter methods, all need to be synchronized with the same
    lock. Failure to correctly synchronize concurrent reads and writes
    can lead to corrupted data and unpredictable behavior.</p>

    <p>Mixed synchronization warnings can be fixed by ensuring that
    all accesses to the named field are guarded by the same
    lock.</p>]]></description>
    </rule>

    <rule id="CCE_SL_MIXED_COL"
          name="Mixed synchronization of accesses to a collection stored in a field"
          category="Locking"
          severity="major">
      <description><![CDATA[
    <p>The field contains an array or collection not designed for
    concurrent access and is always accessed with a lock held, but
    there is no single lock that is common to all accesses. The
    programmer may have intended that all accesses were to be
    protected by a single lock, but has mistakenly used two or more
    different locks.</p>

    <p>If concurrent reads and writes to the referenced object are not
    synchronized with a common lock, then the program will be prone to
    data races, data corruption and unpredictable behaviour. </p>

    <p>When viewing a finding of this type in Eclipse, it is possible
    to discover which locks are involved with accesses to this field
    by using the <strong>Accesses view</strong>. The Accesses view can
    be opened by following the 'Accesses and Locks' link in the detail
    pane to the right of the ThreadSafe view.</p>

    <h2>Details</h2>

    <p>This rule looks for non threadsafe collections that are stored
    in a field, where the field is always accessed with locks held,
    but there is no one lock that is common to all accesses.</p>

    <p>The following code snippet demonstrates an example of a class
    declaration for which ThreadSafe will warn that the collection
    stored in the field <code>list</code> has been accessed with mixed
    synchronization.</p>

    <pre><code>
      public class Stack {

          private final List&lt;Integer&gt; list = new LinkedList&lt;Integer&gt;();

          private final Object lock = new Object();

          public synchronized void push(int value) {
              list.add(0, value);
          }

          public synchronized void pop() {
              list.remove(0);
          }

          public void peek() {
              synchronized (lock) {
                  return list.get(0);
              }
          }

      }
    </code></pre>

    <p>The methods <code>push(int value)</code> and <code>pop()</code>
    synchronize their accesses to the <code>LinkedList</code> in the
    field <code>list</code> by using the intrinsic lock associated
    with the object instance. However, the method
    <code>peek()</code> synchronizes on the intrinsic lock
    associated with the object in the field <code>lock</code>. Since
    these are two different locks, there is a risk of a data race
    occuring between the writes to the collection in the first two
    methods and the read in <code>peek()</code>. Concretely, this
    may result in the internal structure of the linked list becoming
    corrupted, or <code>peek()</code> returning values that are
    grossly outdated, depending on the exact implementation of the
    <code>LinkedList</code> class and the underlying machine
    architecture.</p>

    <p>ThreadSafe examines all accesses to collections stored in
    fields, whether they occur within the same class that the field is
    declared, a subclass of that class, inner or outer classes, or any
    other class within the set of classes being analyzed. Accesses to
    collections stored in fields that are only reachable from instance
    or class initializers are discounted as they are unlikely to be
    executed concurrently with other method invocations on the same
    object.</p>

    <p>An access is regarded as synchronized if it occurs either while
    an intrinsic lock is held (via use of the
    <code>synchronized</code> keyword), or if a first-class
    <code>java.util.concurrent.locks.Lock</code> has been acquired and
    not yet released.</p>

    <p>To determine whether or not a field may contain a non
    threadsafe collection, ThreadSafe looks at the classes of object
    that may be stored in the field, as well as the declared type of
    the field. In the example above, the field <code>list</code> is
    declared as type <code>List&lt;Integer&gt;</code>, which could
    potentially be a threadsafe collection, such as
    <code>CopyOnWriteArrayList</code>. However, ThreadSafe also sees
    that the field has been assigned a <code>LinkedList</code>
    instance. Since the class <code>LinkedList</code> is not designed
    to be threadsafe, a mixed collection synchronization warning is
    generated.</p>

    <p>This rule applies to many of the collections in the java.util
    package. The following is an excerpt from the Java API
    documentation for <a
    href="http://docs.oracle.com/javase/7/docs/api/java/util/LinkedList.html"
    >LinkedList</a>:</p>

    <blockquote style="background-color: #ddd;">

      <p><strong>Note that this implementation is not
      synchronized.</strong> If multiple threads access a linked list
      concurrently, and at least one of the threads modifies the list
      structurally, it <i>must</i> be synchronized externally.  (A
      structural modification is any operation that adds or deletes
      one or more elements; merely setting the value of an element is
      not a structural modification.)  This is typically accomplished
      by synchronizing on some object that naturally encapsulates the
      list.

      If no such object exists, the list should be "wrapped" using the
      <a
      href="http://docs.oracle.com/javase/7/docs/api/java/util/Collections.html#synchronizedList(java.util.List)"
      ><code>Collections.synchronizedList</code></a> method.  This is
      best done at creation time, to prevent accidental unsynchronized
      access to the list:<pre> List list =
      Collections.synchronizedList(new LinkedList(...));</pre>
    </blockquote>

    <p>Similar constraints are documented for the following classes:</p>
    <ul style="list-style-type: none;">
    <li><a href="http://docs.oracle.com/javase/7/docs/api/java/util/ArrayList.html">ArrayList</a>
    <li><a href="http://docs.oracle.com/javase/7/docs/api/java/util/LinkedList.html">LinkedList</a>
    <li><a href="http://docs.oracle.com/javase/7/docs/api/java/util/HashSet.html">HashSet</a>
    <li><a href="http://docs.oracle.com/javase/7/docs/api/java/util/TreeSet.html">TreeSet</a>
    <li><a href="http://docs.oracle.com/javase/7/docs/api/java/util/EnumMap.html">EnumMap</a>
    <li><a href="http://docs.oracle.com/javase/7/docs/api/java/util/HashMap.html">HashMap</a>
    <li><a href="http://docs.oracle.com/javase/7/docs/api/java/util/IdentityHashMap.html">IdentityHashMap</a>
    <li><a href="http://docs.oracle.com/javase/7/docs/api/java/util/LinkedHashMap.html">LinkedHashMap</a>
    <li><a href="http://docs.oracle.com/javase/7/docs/api/java/util/WeakHashMap.html">WeakHashMap</a>
    <li><a href="http://docs.oracle.com/javase/7/docs/api/java/util/TreeMap.html">TreeMap</a>
    </ul>

    <h2>Risks and Remediation</h2>

    <p>To avoid undefined behaviour, it is important that non
    threadsafe collections are consistently guarded by a common lock
    if they can be read or written concurrently. This means, for
    example, that reading from a collection requires synchronization
    if the collection may be modified concurrently.</p>

    <p>The consequences of accessing a collection without correct
    synchronization vary in severity. If the collection is in an
    inconsistent state (for example, it if being restructured
    internally), then the accessing thread may enter an infinite loop,
    or fail with a <code>RuntimeException</code>. The exact
    consequences depend on the collection, may vary between Java
    Runtime Environment versions, and are unspecified. Other
    consequences include using values that are no longer current.</p>

    <p>Mixed collection synchronization warnings can be fixed by
    ensuring that all accesses to the named field are guarded by the
    same lock.</p>]]></description>
    </rule>

    <rule id="CCE_SL_INCONSISTENT_COL"
          name="Inconsistent synchronization of accesses to a collection"
          category="Locking"
          severity="major">
      <description><![CDATA[

    <p>The field contains an array or collection not designed for
    concurrent access which is usually accessed with a lock held, and
    is usually, but not always, accessed while holding a lock. The
    programmer may have intended that all accesses were to be
    protected by a single lock, but has missed some.</p>

    </p>If concurrent reads and writes to the referenced object are
    not synchronized with a common lock, then the program will be
    prone to data races, and hence data corruption and unpredictable
    behaviour.</p>

    <p>When viewing a finding of this type in Eclipse, it is possible
    to discover which locks are involved with accesses to this field
    by using the <strong>Accesses view</strong>. The Accesses view can
    be opened by following the 'Accesses and Locks' link in the detail
    pane to the right of the ThreadSafe view.</p>

    <h2>Details</h2>

    <p>This rule looks for non threadsafe collections stored in fields
    that are usually accessed with synchronization by some lock, but
    in some places are accessed without synchronization by a lock.</p>

    <p>The following code snippet demonstrates an example of a class
    declaration for which ThreadSafe will warn that the collection
    stored in the field <code>list</code> has been accessed with
    inconsistent synchronization.</p>

    <pre><code>
      public class Stack {

          private final List&lt;Integer&gt; list = new LinkedList&lt;Integer&gt;();

          public synchronized void push(int value) {
              list.add(0, value);
          }

          public synchronized void pop() {
              list.remove(0);
          }

          public void peek() {
              return list.get(0);
          }

      }
    </code></pre>

    <p>The methods <code>push(int value)</code> and <code>pop()</code>
    synchronize their accesses to the <code>LinkedList</code> in the
    field <code>list</code> by using the intrinsic lock associated
    with the object instance. However, the method
    <code>peek()</code> does no synchronization, so there is a risk
    of a data race occuring between the writes to the collection in
    the first two methods and the read in
    <code>peek()</code>. Concretely, this may result in the internal
    structure of the linked list becoming corrupted, or
    <code>peek()</code> returning values that are grossly outdated,
    depending on the exact implementation of the
    <code>LinkedList</code> class and the underlying machine
    architecture.</p>

    <p>ThreadSafe examines all accesses to collections stored in
    fields, whether they occur within the same class that the field is
    declared, a subclass of that class, inner or outer classes, or any
    other class within the set of classes being analyzed. Accesses to
    collections stored in fields that are only reachable from instance
    or class initializers are discounted as they are unlikely to be
    executed concurrently with other method invocations on the same
    object.</p>

    <p>An access is regarded as synchronized if it occurs either while
    an intrinsic lock is held (via use of the
    <code>synchronized</code> keyword), or if a first-class
    <code>java.util.concurrent.locks.Lock</code> has been acquired and
    not yet released.</p>

    <p>To determine whether or not a field may contain a non
    threadsafe collection, ThreadSafe looks at the classes of object
    that may be stored in the field, as well as the declared type of
    the field. In the example above, the field <code>list</code> is
    declared as type <code>List&lt;Integer&gt;</code>, which could
    potentially be a threadsafe collection, such as
    <code>CopyOnWriteArrayList</code>. However, ThreadSafe also sees
    that the field has been assigned a <code>LinkedList</code>
    instance. Since the class <code>LinkedList</code> is not designed
    to be threadsafe, an inconsistent collection synchronization
    warning is generated.</p>

    <p>This rule applies to many of the collections in the java.util
    package. The following is an excerpt from the Java API
    documentation for <a
    href="http://docs.oracle.com/javase/7/docs/api/java/util/LinkedList.html"
    >LinkedList</a>:</p>

    <blockquote style="background-color: #ddd;">

      <p><strong>Note that this implementation is not
      synchronized.</strong> If multiple threads access a linked list
      concurrently, and at least one of the threads modifies the list
      structurally, it <i>must</i> be synchronized externally.  (A
      structural modification is any operation that adds or deletes
      one or more elements; merely setting the value of an element is
      not a structural modification.)  This is typically accomplished
      by synchronizing on some object that naturally encapsulates the
      list.

      If no such object exists, the list should be "wrapped" using the
      <a
      href="http://docs.oracle.com/javase/7/docs/api/java/util/Collections.html#synchronizedList(java.util.List)"
      ><code>Collections.synchronizedList</code></a> method.  This is
      best done at creation time, to prevent accidental unsynchronized
      access to the list:<pre> List list =
      Collections.synchronizedList(new LinkedList(...));</pre>
    </blockquote>

    <p>Similar constraints are documented for the following classes:</p>
    <ul style="list-style-type: none;">
    <li><a href="http://docs.oracle.com/javase/7/docs/api/java/util/ArrayList.html">ArrayList</a>
    <li><a href="http://docs.oracle.com/javase/7/docs/api/java/util/LinkedList.html">LinkedList</a>
    <li><a href="http://docs.oracle.com/javase/7/docs/api/java/util/HashSet.html">HashSet</a>
    <li><a href="http://docs.oracle.com/javase/7/docs/api/java/util/TreeSet.html">TreeSet</a>
    <li><a href="http://docs.oracle.com/javase/7/docs/api/java/util/EnumMap.html">EnumMap</a>
    <li><a href="http://docs.oracle.com/javase/7/docs/api/java/util/HashMap.html">HashMap</a>
    <li><a href="http://docs.oracle.com/javase/7/docs/api/java/util/IdentityHashMap.html">IdentityHashMap</a>
    <li><a href="http://docs.oracle.com/javase/7/docs/api/java/util/LinkedHashMap.html">LinkedHashMap</a>
    <li><a href="http://docs.oracle.com/javase/7/docs/api/java/util/WeakHashMap.html">WeakHashMap</a>
    <li><a href="http://docs.oracle.com/javase/7/docs/api/java/util/TreeMap.html">TreeMap</a>
    </ul>

    <h2>Risks and Remediation</h2>

    <p>To avoid undefined behaviour, it is important that non
    threadsafe collections are consistently guarded if they can be
    read or written concurrently. This means, for example, that
    reading from a collection requires synchronization if the
    collection may be modified concurrently.</p>

    <p>The consequences of accessing a collection without correct
    synchronization vary in severity. If the collection is in an
    inconsistent state (for example, it if being restructured
    internally), then the accessing thread may enter an infinite loop,
    or fail with a <code>RuntimeException</code>. The exact
    consequences depend on the collection, may vary between Java
    Runtime Environment versions, and are unspecified. Other
    consequences include using values that are no longer current.</p>

    <p>Inconsistent collection synchronization warnings can be fixed
    by ensuring that all accesses to the named field are guarded by
    the same lock.</p>]]></description>
    </rule>

    <rule id="CCE_CC_GUARD_USAGE"
          name="Threadsafe collection consistently guarded"
          category="Collections"
          severity="minor">
      <description><![CDATA[

    <p>This field contains a collection that has been designed for
    concurrent usage, but it appears that all the accesses to the
    collection are protected by a common lock.</p>

    <p>Occurences of this finding type do not necessarily mean that
    the code is in error, but that there might be opportunity for
    performance improvement or better design by removing unnecessary
    synchronization.</p>

    <p>If a collection is consistently guarded with a lock, then there
    can be no concurrent access to that collection (due to mutual
    exclusion). A concurrent collection could therefore safely be
    replaced with a non-concurrent equivalent. Alternatively, a better
    locking strategy (for example, the use of putIfAbsent) could allow
    for locking to be removed, potentially giving better concurrent
    performance.</p>

    <p>Care should be taken when removing synchronization,
    however. Some collections are designed so that their methods may
    be invoked concurrently, but the application may require
    higher-level atomicity guarantees that are not provided by the
    concurrent collection implementation.</p>

    <h2>Details</h2>

    <p>This rules looks for threadsafe collections that are stored in
    a field, where the field is always accessed with locks held.</p>

    <p>The following code snippet demonstrates an example of a class
    declaration for which ThreadSafe will warn that the collection
    stored in the field <code>list</code> is consistently
    synchronized.</p>

    <pre><code>
      public class Stack {

          private final List&lt;Integer&gt; list = new CopyOnWriteArrayList&lt;Integer&gt;();

          public synchronized void push(int value) {
              list.add(0, value);
          }

          public synchronized void pop() {
              list.remove(0);
          }

          public synchronized void peek() {
              return list.get(0);
          }

      }</code></pre>

    <p>The methods <code>push(int value)</code>, <code>pop()</code>
    and <code>peek()</code> synchronize their accesses to the
    <code>CopyOnWriteArrayList</code> in the field
    <code>list</code>. However, this synchronization is unnecessary,
    because instances of <code>CopyOnWriteArrayList</code> are
    designed to be used concurrently. The unnecessary synchronization
    on these three methods has no other effect than to introduce
    overhead, and to reduce performance.</p>

    <p>ThreadSafe examines all accesses to collections stored in
    fields, whether they occur within the same class that the field is
    declared, a subclass of that class, inner or outer classes, or any
    other class within the set of classes being analyzed. Accesses to
    collections stored in fields that are only reachable from instance
    or class initializers are discounted as they are unlikely to be
    executed concurrently with other method invocations on the same
    object.</p>

    <p>An access is regarded as synchronized if it occurs either while
    an intrinsic lock is held (via use of the
    <code>synchronized</code> keyword), or if a first-class
    <code>java.util.concurrent.locks.Lock</code> has been acquired and
    not yet released.</p>

    <p>To determine whether or not a field may contain a threadsafe
    collection, ThreadSafe looks at the classes of object that may be
    stored in the field, as well as the declared type of the field. In
    the example above, the field <code>list</code> is declared as type
    <code>List&lt;Integer&gt;</code>, which could potentially be a non
    threadsafe collection, such as <code>LinkedList</code>. However,
    ThreadSafe also sees that the field has been assigned a
    <code>CopyOnWriteArrayList</code> instance. Since the class
    <code>CopyOnWriteArrayList</code> is designed to be threadsafe, a
    threadsafe collection consistently guarded warning is
    generated.</p>

    <h2>Risks and Remediation</h2>

    <p>As stated above, violations of this rule do not necessarily
    indicate that there is a defect in the code. However, excessive
    use of synchronization where it is not needed may indicate
    unnecessarily poor performance, or poor design.</p>

    <p>As stated above, care should be taken when removing
    synchronization. Some collections are designed so that their
    methods may be invoked concurrently, but the application may
    require higher-level atomicity guarantees that are not provided by
    the concurrent collection implementation. An example of usage of a
    concurrent collection that is technically threadsafe, but does not
    give the atomicity guarantees required by the application is the
    get, check and put pattern when performed without
    synchronization. For example, consider the following code
    snippet.</p>

<code><pre>
      public Cache getCache(Long cacheId) {
          // get
          Cache cache = caches.get(cacheId);
          // check
          if (cache == null) {
              cache = new Cache();
              // put
              caches.put(cacheId, cache);
          }
          return cache;
      }
</pre></code>

     <p>If the field <code>caches</code> contains a
     <code>ConcurrentHashMap</code> then the <code>get</code> and
     <code>put</code> method calls will not cause data races. However,
     the programmer likely intends that the entire get-check-put
     sequence will happen atomically, and so ought to be synchronized
     using a lock.</p>

     <p>ThreadSafe's "Non atomic Check/Put on threadsafe collection"
     and "Non atomic use of Get/Check/Put" rules can discover cases
     where there is missing synchronization around sequences of
     operations that look like they are intended to be performed
     atomically.</p> ]]></description>
    </rule>

    <rule id="CCE_CC_UNSAFE_CONTENT"
          name="Shared non threadsafe content"
          category="Collections"
          severity="major">
      <description><![CDATA[
    <p>This threadsafe collection may contain collections
    that are not threadsafe, which seems to allow unsafe sharing.</p>

    <h2>Details</h2>

    <p>If a non threadsafe collection is stored inside a threadsafe
    collection, two threads could potentially get access to the
    non threadsafe collection and access it concurrently. For example:</p>

    <pre><code>
      class Listeners {
          private ConcurrentMap&lt;Long, List&lt;Listener&gt;&gt; listeners =
              new ConcurrentHashMap&lt;Long, List&lt;Listener&gt;&gt;();

          public void addListener(Long id, Listener l) {
              List&lt;Listener&gt; ls =
                  listeners.putIfAbsent(id, new ArrayList&lt;Listener&gt;());
              ls.add(l);
          }
      }
    </code></pre>

    <p>In this case, if two threads concurrently call
    <code>addListener(..)</code> with the same <code>id</code>
    argument, the two threads could get access to the same
    <code>ArrayList</code> object. This could result in the
    <code>ArrayList</code> being concurrently modified, resulting in
    undefined behaviour.</p>

    <p>This is not just a problem for concurrent writes. If a
    <code>HashMap</code> is read while it is being concurrently
    altered, it may seem that the worst that can happen is that the
    reader sees an outdated value. However, this can (and often does)
    lead to an infinite loop!</p>]]></description>
    </rule>

    <rule id="CCE_CC_SUGGEST_PUTIFABSENT"
          name="Get/check/put used rather than putIfAbsent"
          category="Collections"
          severity="minor">
      <description><![CDATA[

    <p>The program uses a get/check/put pattern on a threadsafe
    <code>Map</code> implementation that could be replaced by a
    <code>putIfAbsent</code>.</p>

    <p>The get/check/put pattern that is often used with Map objects
    may sometimes be replaced by ConcurrentMap.putIfAbsent, which
    often offers better concurrent performance. The following code is
    an example of the get/check/put pattern:</p>

    <pre><code>
      public synchronized Cache getCache(Long cache_id) {
          // get
          Cache cache = caches.get(id);
          // check
          if (cache == null) {
              cache = new Cache();
              // put
              caches.put(cache_id, cache);
          }
          return cache;
      }
    </code></pre>

    <p>The above method is synchronized to ensure that the get, check
    and put operations happen atomically. The cache is only created if
    necessary.  However, the synchronization may cause performance
    problems if there is contention for the lock.</p>

    <p>It is possible to avoid the synchronization in the code above,
    which may allow a greater degree of concurrency. If it is
    permissible to create new Cache instances regardless of whether
    they are required, the following alternative may improve
    performance by reducing contention on the object used as a lock
    for synchronization:</p>

    <pre><code>
      public Cache getCache(Long cacheId) {
          Cache cache = new Cache();
          Cache existing = caches.putIfAbsent(cacheId, cache);
          if (existing != null) {
              cache = existing;
          }
          return cache;
      }
    </code></pre>

    <p>However, this always instantiates a new Cache object, even when
    one already exists. A more complicated, but smarter way that only
    instantiates a new Cache when it may be necessary is:</p>

    <pre><code>
      public Cache getCache(Long cacheId) {
          Cache cache = caches.get(cacheId);
          if (cache == null) {
              cache = new Cache();
              Cache existing = caches.putIfAbsent(cacheId, cache);
              if (existing != null) {
                  cache = existing;
              }
          }
          return cache;
      }
    </code></pre>

    <p>With this, <code>putIfAbsent</code> is only called if there may
    not be a cache already associated with the
    <code>cacheId</code>. The call to putIfAbsent is still necessary,
    as two threads may concurrently enter the if block.</p>
    ]]></description>
    </rule>

    <rule id="CCE_CC_NON_ATOMIC_CP"
          name="Non atomic Check/Put on threadsafe collection"
          category="Collections"
          severity="major">
      <description><![CDATA[
      <p>An object is added to a threadsafe collection after querying
      its contents, but no lock covers both method calls.</p>

      <p>For example, the following code erroneously attempts to
      ensure a collection contains a single instance of a given object
      by checking whether the object is already in the collection, and
      adding it if it is not:</p>

      <pre><code>
      class ListWrapper {
          private List&lt;Object&gt; list = new CopyOnWriteArrayList&lt;Object&gt;();

          public void ensurePresent(Object o) {
              if (!list.contains(o)) {
                  list.add(o);
              }
           }
      }
      </code></pre>

      <p>If two concurrent threads call <code>ensurePresent(..)</code>
      with the same object, the object may be added to the list
      twice.</p>

      <p>While the individual check and put methods are threadsafe,
      the two operations together may not be performed atomically.
      After the check method has been called, but before the put
      method is called, another thread may have modified the
      collection and invalidated the check.</p> ]]></description>
    </rule>

    <rule id="CCE_CC_NON_ATOMIC_GCP"
          name="Non atomic use of Get/Check/Put"
          category="Collections"
          severity="major">
      <description><![CDATA[
    <p>The code uses a get/check/put pattern on a threadsafe map, but
    no lock covers these operations.</p>

    <p>If no lock is held throughout a get/check/put operation, then
    these operations may be interleaved by concurrent threads, leading
    to unintended behaviour. For example:</p>

    <pre><code>
      public Cache getCache(Long cacheId) {
          // get
          Cache cache = caches.get(cacheId);
          // check
          if (cache == null) {
              cache = new Cache();
              // put
              caches.put(cacheId, cache);
          }
          return cache;
      }
    </code></pre>

    <p>Imagine there are two threads, A and B, that call
    <code>getCache(..)</code> concurrently with the same
    <code>cacheId</code>. First, A calls
    <code>caches.get(cacheId)</code>, and gets <code>null</code>, as
    there is no <code>Cache</code> object yet associated with the
    <code>cacheId</code>. B then does the same, also receiving
    <code>null</code>. Now, both A and B will create separate
    <code>Cache</code> objects, insert them into the
    <code>caches</code> map, and return them. However, A and B have
    now got different Cache objects for the same <code>cacheId</code>,
    which is not what was intended.</p>

    <p>One solution to this problem would be to synchronize the
    <code>getCache</code> method, ensuring that threads A and B cannot
    call it concurrently. A shorter and potentially more performant
    (due to the lack of lock) solution may be:</p>

    <pre><code>
      public Cache getCache(Long cacheId) {
          Cache cache = new Cache();
          Cache existing = caches.putIfAbsent(cacheId, cache);
          if (existing != null) {
              cache = existing;
          }
          return cache;
      }
    </code></pre>

    <p>However, this always instantiates a new <code>Cache</code>
    object, even when one already exists. A more complicated, but
    smarter way that only instantiates a new <code>Cache</code> when
    it may be necessary is:</p>

    <pre><code>
     public Cache getCache(Long cacheId) {
         Cache cache = caches.get(cacheId);
         if (cache == null) {
             cache = new Cache();
             Cache existing = caches.putIfAbsent(cacheId, cache);
             if (existing != null) {
                 cache = existing;
             }
         }
         return cache;
     }
    </code></pre>

    <p>With this, <code>putIfAbsent</code> is only called if there may
    not be a <code>Cache</code> object already associated with the
    <code>cacheId</code>. The <code>putIfAbsent</code> call is still
    necessary, as two threads may concurrently enter the then-part of
    the <code>if</code> block.</p> ]]></description>
    </rule>

    <rule id="CCE_CC_UNSAFE_REPLACEMENT"
          name="Threadsafe collection replaced by potentially unsafe collection"
          category="Collections"
          severity="major">
      <description><![CDATA[
    <p>The field is assigned both threadsafe and non threadsafe
    collections.</p>

    <p>The assignment of a threadsafe collection creates the
    impression that a field is intended to be threadsafe. If a
    potentially non threadsafe collection subsequently replaces the
    threadsafe collection, this may be an error. For example:</p>

    <pre><code>
      interface ListProvider {
          List&lt;Object&gt; getList();
      }

      class ListWrapper {
          private List&lt;Object&gt; l = new CopyOnWriteArrayList&lt;Object&gt;();

          public void init(ListProvider provider) {
              l = provider.getList();
          }
          ...
      }
    </code></pre>

    <p>In this case, the field <code>l</code> is initially assigned to
    a threadsafe list type.  However, when the object is initialised,
    the threadsafe value is replaced by a potentially non threadsafe
    <code>List</code> object. If a <code>ListProvider</code> that
    provides a non threadsafe <code>List</code> implementation (such
    as <code>ArrayList</code>) is used, then if <code>l</code> is
    assumed to reference a threadsafe object, concurrency problems
    could arise.</p> ]]></description>
    </rule>

    <rule id="CCE_LK_REPLACE_WITH_TRYLOCK"
          name="Use of isLocked() and lock() rather tryLock()"
          category="Locking"
          severity="major">
      <description><![CDATA[
      <p>The code calls isLocked() followed by lock() on a Lock
      object. It may be more appropriate to replace the two calls with
      a single call to tryLock().</p>

      <p>Code that conditionally acquires a lock based on the result
      of a call to isLocked() may indicate an erroneous attempt to
      acquire a lock if and only if it can be acquired immediately
      without blocking.</p>

      <p>If two threads call isLocked() concurrently, and observe that
      the lock has not been taken, they may both attempt to acquire
      the lock simultaneously.  This could cause one thread to block
      while it waits for the other thread to release the lock, because
      only one thread can hold a given lock at any time. This may not
      be the intended behaviour.</p>

      <p>Consider replacing the calls to isLocked() and lock() with a
      single call to tryLock(). The tryLock() method attempts to
      acquire the lock without blocking. If it succeeds, it returns
      true and the current thread holds the lock. If the lock cannot
      be acquired immediately, then the method returns false and the
      current thread does not hold the lock.</p>

      <p>As tryLock() is a single atomic operation, there is no chance
      for another thread to acquire the lock between the call to
      isLocked() and the call to lock().</p>

      <p>For example, the following code contains calls to isLocked()
      and lock():</p>

      <pre>
      private final ReentrantLock lock = new ReentrantLock();

      public void updateIfLockAvailable() {
          if (!lock.isLocked()) {
              lock.lock();
              try {
                  // Do something with the lock held.
              } finally {
                  lock.unlock();
              }
          }
      }
      </pre>

      <p>The code above is better written using tryLock(), as
      follows:</p>

      <pre>
      private final ReentrantLock lock = new ReentrantLock();

      public void updateIfLockAvailable() {
          if (lock.tryLock()) {
              try {
                  // Do something with the lock held.
              } finally {
                  lock.unlock();
              }
          }
      }
      </pre>
      ]]></description>
    </rule>

    <rule id="CCE_LK_LOCKED_BLOCKING_CALLS"
          name="Call to blocking method while holding lock"
          category="Locking"
          severity="major">
      <description><![CDATA[

      <p>This call to a BlockingQueue method may cause a deadlock,
      because a lock is held that may prevent the method from
      returning. For example:</p>

      <pre>
      public class CustomQueue {
          private ArrayBlockingQueue q = new ArrayBlockingQueue(100);

          public synchronized void put(Object x) {
              q.put(x);
          }

          public synchronized Object get() {
              return q.poll();
          }
      }
      </pre>

      When put is called on a CustomQueue that has reached its maximal
      capacity, then this put operation will deadlock and wait
      forever. A call to get will not alleviate the problem, because
      before get can actually be executed, it has to obtain the lock
      of the CustomQueue, which is impossible, as that lock is
      currently held by the put operation.
      ]]></description>
    </rule>

    <rule id="CCE_BC_CONCURRENT_MODIFICATION"
          name="ConcurrentModificationException caught"
          category="Bad Practice"
          severity="major">
      <description><![CDATA[ <p>The code catches
      <code>ConcurrentModificationException</code>. This may indicate
      code that works around a concurrency bug instead of fixing the
      underlying problem.</p>

      <h2>Details</h2>

      <p>This rule looks for places where the code explicitly catches
      <code>ConcurrentModificationException</code>s. An example that
      is caught by this rule is shown in the following code
      snippet:</p>

      <pre><code>
          public void add(Object x) {
              try {
                  list.add(x);
              } catch (ConcurrentModificationException ex) {
                  ex.printStackTrace();
              }
          }
      </code></pre>

      <p>ThreadSafe will highlight the line <code>catch (..) {</code>
      as a place where <code>ConcurrentModificationException</code>s
      are explicitly caught. There is often nothing useful that can be
      done when such execptions occur, and they often cover up
      underlying design errors in the program.</p>]]></description>
    </rule>

    <rule id="CCE_CC_UNSAFE_ITERATION"
          name="Unsafe iteration over synchronized collection"
          category="Collections"
          severity="major">
      <description><![CDATA[
      <p>The code iterates over a synchronized collection without
      holding a lock on the collection.</p>

      <p>Iteration over synchronized collections (such as
      <code>Vector</code>, or collections returned by methods such as
      <code>Collections.synchronizedMap</code>) should be synchronized
      on the collection object. This rule checks for places where
      iterators are created and used without correct
      synchronization.</p>

      <h2>Details</h2>

      <p>An example of iterating over a synchronized collection
      without the correct synchronization is shown in the following
      code snippet:</p>

      <pre><code>
      public class UnsafeIteration {

          // Synchronized collection
          private List<String> list =
              Collections.synchronizedList(new ArrayList<String>());

          public void iterateOverList() {
              // Iteration over a synchronized collection without holding a
              // lock on the collection.
              for (String item : list) {
                  System.out.println(item);
              }
          }

      }
      </code></pre>

      <p>The field <code>list</code> contains a synchronized
      collection, created using the
      <code>Collections.synchronizedList(..)</code> method. This
      object can be safely mutated and observed concurrently by
      multiple threads. All accesses are synchronized using the
      intrinsic lock associated with the object. However, since
      iteration over the collection is a non-atomic operation, it is
      the client's responsibility to synchronize on <code>list</code>
      while iterating over the elements.</p>

      <p>Failure to correct synchronize means that the collection may
      be modified by a thread while another thread is iterating over
      the elements. The results of doing so are undefined, and can, in
      the worst case, lead to bad behaviour such as infinite loops due
      to mutating threads altering the internal structure of the
      collection.</p>

      <p>The correct implementation of the
      <code>iterateOverList</code> is as follows:</p>

      <pre><code>
          public void iterateOverList() {
              synchronized (list) {
                  // Iteration over a synchronized collection without holding a
                  // lock on the collection.
                  for (String item : list) {
                      System.out.println(item);
                  }
              }
          }
      </code></pre>

      <p>In this corrected code, a <code>synchronized</code> block has
      been used to synchronize on the intrinsic lock associated with
      the object referenced by the <code>list</code> field, making
      sure that concurrent modifications of the collection do not
      occur during iteration.</p>]]></description>
    </rule>

    <rule id="CCE_CC_CALLBACK_ACCESS"
          name="Unsynchronized access to field from asynchronously invoked method"
          category="Locking"
          severity="major">
      <description><![CDATA[
    <p>A field, or collection stored in a field, is modified from an
    asynchronously invoked method without proper synchronization.</p>

    <p> If concurrent reads and writes are not synchronized with a
    common lock, then the program will be prone to data races, data
    corruption and unpredictable behaviour.</p>

    <p>When viewing a finding of this type in Eclipse, it is possible
    to discover which locks, if any, are involved with accesses to the
    collection stored in this field by using the <strong>Accesses
    view</strong>. The Accesses view can be opened by following the
    'Accesses and Locks' link in the detail pane to the right of the
    ThreadSafe view.</p>

    <h2>Details</h2>

    <p>This rule looks for fields, or collections that are stored in
    fields, that are accessed from asynchronously invoked methods
    without synchronization. Asynchronously invoked methods include
    the <code>run()</code> methods of <code>Runnable</code> instances
    used as threads or as background tasks, and also
    <code>doInBackground()</code> methods used for
    <code>AsyncTask</code>s in the Android framework.</p>

    <p>The following code snippet demonstrates an example of a class
    declaration for which ThreadSafe will warn that the field
    <code>currentRates</code> has been accessed from an asynchronously
    invoked method without synchronization.</p>

<pre><code>
      public class AsynchronousMethodExample {

          private ConcurrentMap&lt;Long, Double&gt; currentRates;

          public Example() {
              new Timer().scheduleAtFixedRate(new TimerTask () {
                  public void run() {
                      // Update the current rates every so often.
                      currentRates = Rates.getCurrent();
                  }
              }, 10000, 10000);
              currentRates = Rates.getCurrent();
          }

          public double getRate(int id) {
              return currentRates.get(id);
          }
      }
</code></pre>

    <p>The field <code>currentRates</code> is being updated in the
    <code>run()</code> method of the anonymous inner class being used
    as a <code>TimerTask</code>. Meanwhile, the <code>getRate()</code>
    method is reading this field. The update occurs in a background
    thread started by the <code>Timer</code> object, while the read
    would likely occur in another thread. The two methods do not
    synchronize their accesses, which means there is no guarantee that
    the reading thread would see the currentRates field in a
    consistent state.</p>

    <p>ThreadSafe examines all accesses to fields, and collections
    stored in fields, whether they occur within the same class that
    the field is declared, a subclass of that class, inner or outer
    classes, or any other class within the set of classes being
    analyzed. Accesses to collections stored in fields that are only
    reachable from instance or class initializers are discounted as
    they are unlikely to be executed concurrently with other method
    invocations on the same object.</p>

    <p>ThreadSafe determines that a method may be invoked
    asynchronously either by looking for methods that are
    implementations of methods that are likely to be called
    asynchronously, for example <code>TimerTask.run()</code> or
    <code>AsyncTask.doInBackground()</code>, or by looking for
    <code>Runnable</code> implementations that are used as
    threads. Presently, ThreadSafe understands implementations of the
    following methods as potential asynchronous callback methods:</p>

    <ul>
      <li><code>TimerTask.run()</code>;</li>
      <li><code>AsyncTask.doInBackground()</code> in Android applications; and</li>
      <li><code>IntentService.onHandleIntent()</code> in Android applications.</li>
    </ul>

    <p>Instances of callback classes are usually passed to another
    class so that their methods may be called when interesting events
    happen. These callbacks may happen asynchronously on a background
    thread, in which case the programmer must be careful to correctly
    synchronize when accessing shared data.</p>

    <p>If ThreadSafe discovers a pair of accesses to a field, or
    collection stored in field, with no synchronization, and where one
    of the methods is invoked asynchronously, a warning of this type
    is generated.</p>

    <p>An access is regarded as synchronized if it occurs either while
    an intrinsic lock is held (via use of the
    <code>synchronized</code> keyword), or if a first-class
    <code>java.util.concurrent.locks.Lock</code> has been acquired and
    not yet released.</p>

    <p>To determine whether or not a field may contain a non
    threadsafe collection, ThreadSafe looks at the classes of object
    that may be stored in the field, as well as the declared type of
    the field.</p>

    <p>This rule applies to many of the collections in the java.util
    package. The following is an excerpt from the Java API
    documentation for <a
    href="http://docs.oracle.com/javase/7/docs/api/java/util/LinkedList.html"
    >LinkedList</a>:</p>

    <blockquote style="background-color: #ddd;">

      <p><strong>Note that this implementation is not
      synchronized.</strong> If multiple threads access a linked list
      concurrently, and at least one of the threads modifies the list
      structurally, it <i>must</i> be synchronized externally.  (A
      structural modification is any operation that adds or deletes
      one or more elements; merely setting the value of an element is
      not a structural modification.)  This is typically accomplished
      by synchronizing on some object that naturally encapsulates the
      list.

      If no such object exists, the list should be "wrapped" using the
      <a
      href="http://docs.oracle.com/javase/7/docs/api/java/util/Collections.html#synchronizedList(java.util.List)"
      ><code>Collections.synchronizedList</code></a> method.  This is
      best done at creation time, to prevent accidental unsynchronized
      access to the list:<pre> List list =
      Collections.synchronizedList(new LinkedList(...));</pre>
    </blockquote>

    <p>Similar constraints are documented for the following classes:</p>
    <ul style="list-style-type: none;">
    <li><a href="http://docs.oracle.com/javase/7/docs/api/java/util/ArrayList.html">ArrayList</a>
    <li><a href="http://docs.oracle.com/javase/7/docs/api/java/util/LinkedList.html">LinkedList</a>
    <li><a href="http://docs.oracle.com/javase/7/docs/api/java/util/HashSet.html">HashSet</a>
    <li><a href="http://docs.oracle.com/javase/7/docs/api/java/util/TreeSet.html">TreeSet</a>
    <li><a href="http://docs.oracle.com/javase/7/docs/api/java/util/EnumMap.html">EnumMap</a>
    <li><a href="http://docs.oracle.com/javase/7/docs/api/java/util/HashMap.html">HashMap</a>
    <li><a href="http://docs.oracle.com/javase/7/docs/api/java/util/IdentityHashMap.html">IdentityHashMap</a>
    <li><a href="http://docs.oracle.com/javase/7/docs/api/java/util/LinkedHashMap.html">LinkedHashMap</a>
    <li><a href="http://docs.oracle.com/javase/7/docs/api/java/util/WeakHashMap.html">WeakHashMap</a>
    <li><a href="http://docs.oracle.com/javase/7/docs/api/java/util/TreeMap.html">TreeMap</a>
    </ul>

    <h2>Risks and Remediation</h2>

    <p>To avoid undefined behaviour, it is important that fields and
    non threadsafe collections are consistently guarded if they may be
    read or written concurrently. This means, for example, that
    reading from a collection requires synchronization if the
    collection may be modified concurrently.</p>

    <p>The consequences of accessing a collection without correct
    synchronization vary in severity. If the collection is in an
    inconsistent state (for example, it if being restructured
    internally), then the accessing thread may enter an infinite loop,
    or fail with a RuntimeException. The exact consequences depend on
    the collection, may vary between Java Runtime Environment
    versions, and are unspecified. Other consequences include using
    values that are no longer current.</p>

    <p>Unsynchronized accesses to fields from asynchronously invoked
    method warnings can be fixed by ensuring that all accesses to the
    named field are guarded by a common lock.</p>]]></description>
    </rule>

    <rule id="CCE_CC_FIELD_LOCK_WRITE"
          name="Field reassigned while holding a lock on its value"
          category="Locking"
          severity="major">
      <description><![CDATA[
      <p>The field is reassigned while holding a lock on its current
      value.</p>

      <p>A value is assigned to a field while holding the intrinsic
      lock on the previous value of that field. This may indicate that
      the wrong field is used for locking, or that an incorrect
      locking strategy is being used.</p>

      <h2>Details</h2>

      <p>In the code below, a field called <code>name</code> is
      reassigned by the <code>setName(..)</code> method, which
      acquires a lock on that field before reassigning it. A field
      called <code>version</code> is used in attempt to count the
      number of times the name field is updated. However, the
      implementation is incorrect:</p>

<pre><code>
      public class FieldLockReassignedExample {

          private String name = "";

          private int version = 0;

          public void setName(String newName) {
              synchronized (name) {
                  name = newName;
                  version++;
              }
          }

      }
</code></pre>

      <p>If two threads call <code>setName()</code> concurrently, the
      increments performed on the <code>version</code> field will be
      part of a datarace, and the resulting values of the
      <code>version</code> field observed by both threads will likely
      not be what the programmer intended. If the one thread acquires
      an intrinsic lock on the initial value (the empty string), and
      the other thread acquires an intrinsic lock on the value set by
      the first thread, then each thread will be using a different
      lock object. This leads to a datarace as both threads read,
      increment and update the version number.</p>

      <h2>Risks and Remediation</h2>

      <p>Reassignment of a field while holding the intrinsic lock on
      the field's value may indicate a lock on the wrong value is
      being acquired. It may also indicate a misconception that a lock
      is associated with the field itself, rather than the value it
      references.</p>

      <p>When fixing an instance where a field containing a lock has
      been overwritten, care must be taken to ensure that the
      synchronization that is performed by the program is sufficient
      in order to guarantee the application level behaviour that is
      desired. In many cases, creating a new final field which
      contains the object to be used for synchronization is the
      correct way to proceed. When performing such a change, care must
      be taken to ensure that all occurences of synchronization on the
      old field are updated to synchronize on the new
      field.</p>]]></description>
    </rule>

    <rule id="CCE_CC_REUSEDOBJ_SYNC"
          name="Synchronizing on reusable objects"
          category="Locking"
          severity="major">
      <description><![CDATA[

      <p>An object which may be cached and reused is used for locking.</p>

      <p>Synchronizing on objects which may be reused, such as boxed
      primitives, can cause non-deterministic behaviour. Synchronizing
      on such reusable objects should be avoided. Examples of reusable
      objects include auto-boxed primitive types and String
      literals.</p>

      <h2>Details</h2>

      <p>An example of synchronizing on an object which may be reused
      is shown below:</p>

      <pre><code>
      private final Boolean init = false;

      public void doSomething() {
          synchronized (init) {
              ...
          }
      }
      </code></pre> 

      <p>If a boolean value has been autoboxed then it will reference
      <code>Boolean.TRUE</code> or <code>Boolean.FALSE</code>. Thus
      threads can unintentionally end up synchronizing on the same
      object.</p>

      <p>Here is another example of synchronization on a reusable
      object, involving the <code>Integer</code> class:</p>

      <pre><code>
      private final Integer lock = 1;

      public void doSomething() {
          synchronized (lock) {
             ...
          }
      }
      </code></pre>

      <p>One solution is to use the <code>new</code> keyword to avoid
      locking on an object that might be reused:</p>

      <pre><code>
      private int x = 1;
      private final Integer lock = new Integer(x);

      public void doSomething() {
          synchronized (lock) {
             ...
          }
      }
      </code></pre>

      <p>A better solution is to lock on a private final lock object:</p>

      <pre><code>
      private final Object lock = new Object();

      public void doSomething() {
          synchronized (lock) {
             ...
          }

      }
      </code></pre>

      <p> For further information see the related <a
      href="https://www.securecoding.cert.org/confluence/display/java/LCK01-J.+Do+not+synchronize+on+objects+that+may+be+reused">
      CERT LCK01-J</a> guideline.  </p>

      ]]></description>
    </rule>

    <rule id="CCE_CC_SYNC_ON_VIEW"
          name="Synchronizing on a collection view"
          category="Collections"
          severity="minor">
      <description><![CDATA[

      <p>The code synchronizes on a synchronized collection view.</p>

      <p>Synchronizing on a synchronized collection view is usually
      the wrong thing to do when no iteration over the view is
      performed. For example:</p>


      <pre>
      private final List&lt;String&gt; list =
          synchronizedList(new ArrayList&lt;String&gt;());

      private final List&lt;String&gt; tail =
          list.subList(1, list.size());

      public void synchronizedOnView() {
          synchronized (tail) {
              // Do something with slice (but not iteration)
          }
      }
      </pre>

      <p>This pattern is an indicator of poor quality code and can
      lead to maintenance issues in the future, for example a change
      to iterate over the collection view in the synchronized block
      could lead to non-deterministic behaviour.</p>

      <p>For more information refer to:
      <ul>
      <li><a href="http://docs.oracle.com/javase/7/docs/technotes/guides/collections/index.html">java.util.Collection documentation</a></li>

      <li>the <a
      href="http://docs.oracle.com/javase/tutorial/collections/implementations/wrapper.html">Wrapper
      Implementations</a> in the Java Tutorial</li>

      <li>The CERT Oracle Secure Coding Standard for Java
      documentation (Rule <a
      href="https://www.securecoding.cert.org/confluence/display/java/LCK04-J.+Do+not+synchronize+on+a+collection+view+if+the+backing+collection+is+accessible">CERT-LCK04-J</a>).</li>
      </ul>
      </p>

      ]]></description>
    </rule>

    <rule id="CCE_CC_ITER_VIEW_WRONG_LOCK"
          name="Iteration over collection view while not locking on the backing collection"
          category="Collections"
          severity="major">
      <description><![CDATA[ <p>The code iterates over a view of a
      synchronized collection without holding a lock on the backing
      collection.</p>

      <p>A lock should be taken on the synchronized collection when
      iterating over a view on the collection. Failure to do so can
      result in non-deterministic behaviour.  For example:</p>

      <pre>
          List&lt;String&gt; syncList =
              Collections.synchronizedList(new LinkedList&lt;String&gt;());

          public void doTail() {
              List&lt;String&gt; subList = syncList.subList(1, syncList.size());

              synchronized (subList) {
                  for (String str : subList) {
                      // do something with str
                  }
              }
          }
      </pre>

      <p>The example code above incorrectly synchronizes on the
      collection view (the local variable subList). The backing
      synchronized collection is potentially externally visible
      allowing other threads to access the backing collection and make
      changes while the lock on the view is held resulting in
      non-deterministic behaviour while iterating over the collection
      view.</p>

      <p> The correct solution is to synchronize on the backing
      collection as shown in the example below:</p>

      <pre>
          List&lt;String&gt; syncList =
              Collections.synchronizedList(new LinkedList&lt;String&gt;());

          public void doTail() {
              List&lt;String&gt; subList = syncList.subList(1, syncList.size());

              synchronized (syncList) {
                  for (String str : subList) {
                      // do something with str
                  }
              }
          }
      </pre>

      <p>For more information refer to:
      <ul>
      <li><a href="http://docs.oracle.com/javase/7/docs/technotes/guides/collections/index.html">java.util.Collection documentation</a></li>

      <li>the <a
      href="http://docs.oracle.com/javase/tutorial/collections/implementations/wrapper.html">Wrapper
      Implementations</a> in the Java Tutorial</li>

      <li>The CERT Oracle Secure Coding Standard for Java
      documentation (Rule <a
      href="https://www.securecoding.cert.org/confluence/display/java/LCK04-J.+Do+not+synchronize+on+a+collection+view+if+the+backing+collection+is+accessible">CERT-LCK04-J</a>).</li>
      </ul>
      </p> ]]></description>
    </rule>

    <rule id="CCE_CC_ITER_VIEW_NO_LOCK"
          name="No lock held while iterating on a synchronized collection view"
          category="Collections"
          severity="major">
      <description><![CDATA[

      <p>The code iterates over a view of a synchronized collection
      without acquiring a lock on the collection.</p>

      <p>It is essential to synchronize on the backing collection
      when iterating over a view of a synchronized collection. For
      example:</p>

      <pre>
          private final List&lt;String&gt; list =
              Collections.synchronizedList(new ArrayList&lt;String&gt;());

          private final List&lt;String&gt; slice = list.subList(0, list.size());

          public void doList() {
              for (String str : slice) {
                  // do something with str
              }
          }
      </pre> <p>In the example above no lock is protecting the
      iteration over the sublist view on the synchronized list. A lock
      should be taken when iterating over a view on a synchronized
      collection as shown below:</p>

      <pre>
          private final List&lt;String&gt; list =
              Collections.synchronizedList(new ArrayList&lt;String&gt;());

          private final List&lt;String&gt; slice = list.subList(0, list.size());

          public void doList() {
              synchronized (list) {
                  for (String str : slice) {
                      // do something with str
                  }
              }
          }
      </pre>
      <p>For more information refer to:
      <ul>
      <li><a href="http://docs.oracle.com/javase/7/docs/technotes/guides/collections/index.html">java.util.Collection documentation</a></li>

      <li>the <a
      href="http://docs.oracle.com/javase/tutorial/collections/implementations/wrapper.html">Wrapper
      Implementations</a></li>

      <li>The CERT Oracle Secure Coding Standard for Java
      documentation (Rule <a
      href="https://www.securecoding.cert.org/confluence/display/java/LCK04-J.+Do+not+synchronize+on+a+collection+view+if+the+backing+collection+is+accessible">CERT-LCK04-J</a>).</li>
      </ul>
      </p>
      ]]></description>

    </rule>

    <rule id="CCE_CC_ITER_VIEW_BOTH_LOCKS"
          name="Iterating over a synchronized collection view while holding a lock on the view"
          category="Collections"
          severity="major">
      <description><![CDATA[ <p>The code iterates over a view on a
      synchronized collection while holding locks on both the view
      and the backing collection.</p>

      <p>Iteration over views on synchronized collections require a
      lock to be taken on the backing collection. An additional
      lock taken on the view may be unnecessary. For example:</p>
      <pre>
          private final List&lt;String&gt; list =
              Collections.synchronizedList(new ArrayList&lt;String&gt;());

          private final List&lt;String&gt; subList = list.subList(0, list.size());


          public void doSubList() {

              synchronized (list) {
                  synchronized (subList) {
                      for (String str : subList) {
                          // do something with str
                      }
                  }
              }
          }
      </pre>

      <p>In the example above the synchronization on the subList is
      unnecessary, you should only synchronize on the backing
      collection as shown below: </p>

      <pre>
          private final List&lt;String&gt; list =
              Collections.synchronizedList(new ArrayList&lt;String&gt;());

          private final List&lt;String&gt; subList = list.subList(0, list.size());

          public void doSubList() {

              synchronized (list) {
                  for (String str : subList) {
                      // do something with str
                  }
              }
          }
      </pre>
      <p>For more information refer to:
      <ul>
      <li><a href="http://docs.oracle.com/javase/7/docs/technotes/guides/collections/index.html">java.util.Collection documentation</a></li>

      <li>the <a
      href="http://docs.oracle.com/javase/tutorial/collections/implementations/wrapper.html">Wrapper
      Implementations</a></li>

      <li>The CERT Oracle Secure Coding Standard for Java
      documentation (Rule <a
      href="https://www.securecoding.cert.org/confluence/display/java/LCK04-J.+Do+not+synchronize+on+a+collection+view+if+the+backing+collection+is+accessible">CERT-LCK04-J</a>).</li>
      </ul>
      </p>
      ]]></description>
    </rule>

    <rule id="CCE_LK_UNRELEASED_ON_EXN"
          name="Lock not released when method throws an exception"
          category="Locking"
          severity="major">
      <description><![CDATA[
      <p>The method acquires a lock, which it releases when exiting
      normally, but it is not guaranteed to always release the lock when
      exiting due to an exception being thrown.</p>

      <h2>Details</h2>

      <p>The following code snippet illustrates a simple example of
      locks not being released when a method throws an exception:</p>

<pre><code>
      private final Lock lock = new ReentrantLock();

      public void doTransaction() {
          lock.lock();

          // ... code to perform a transation, which may
          // throw a RuntimeException ...

          lock.unlock();
      }
</code></pre>

      <p>If the code in between the <code>.lock()</code> and
      <code>.unlock()</code> calls throws an exception, then the call
      to <code>.unlock()</code> will never happen, and the current
      thread will continue to hold <code>lock</code>. Now any other
      thread that attempts to call <code>doTransaction()</code> will
      block, because it will be unable to acquire the lock. Even if
      the original thread calls <code>doTransaction()</code> again, it
      will never release the first acquisition of the lock. The
      failure to release the lock correctly prevents any other thread
      that calls <code>doTransaction()</code> from making any progress
      at all.</p>

      <h2>Risks and Remediation</h2>

      <p>If locks are not guaranteed to be released, then other
      threads that are attempting to acquire the same lock will
      block. This may result in deadlock, where threads are unable to
      make progress while they wait upon resources acquired by other
      threads to be released.</p>

      <p>The correct way to write the <code>doTransation()</code>
      method is to use a <code>try { ... } finally { ... }</code>
      block to ensure that the lock is always released, even if an
      exception is thrown. This follows the suggested pattern for
      using implementations of
      <code>java.util.concurrent.locks.Lock</code> recommended by the
      <a
      href="http://docs.oracle.com/javase/7/docs/api/java/util/concurrent/locks/Lock.html">API
      documentation for the <code>Lock</code> interface</a>:</p>

      <pre><code>
      public void doTransaction() {
          lock.lock();
          try {
              // ... code to perform a transation, which may
              // throw a RuntimeException ...
          } finally {
              // Always release the lock, no matter how the code
              // in the try block terminates.
              lock.unlock();
          }
      }
      </code></pre>

      ]]></description>
    </rule>

    <rule id="CCE_DL_DEADLOCK"
          name="Deadlock due to circularity in lock dependencies"
          category="Locking"
          severity="major">
      <description><![CDATA[

      <p>ThreadSafe has detected a circular dependency in the pattern
      of lock acquisition performed by the program, which leaves the
      program vulnerable to deadlock.</p>

      <h2>Details</h2>

      <p>The follow code snippet demonstrates a simplified case of a
      pair of classes with a deadlock vulnerability, due to a cycle in
      the lock dependencies between them.</p>

      <p>Class <code>Folder</code>:</p>

      <pre><code>
      class Folder {

          private int unreadCount;

          private List<Message> messages;

          public synchronized void decrementUnreadCount() {
              unreadCount--;
          }

          public synchronized void setAllRead() {
              for (Message message : messages) {
                  message.setRead();
              }
          }

      }
      </code></pre>

      <p>Class <code>Message</code>:</p>

      <pre><code>
      class Message {

          private Folder folder;

          private boolean read;

          public synchronized void setRead() {
              if (!read) {
                  read = true;
                  folder.decrementUnreadCount();
              }
          }
      }
      </code></pre>

      <p>Suppose that there exists a <code>Folder</code> instance and
      a <code>Message</code> instance such that the
      <code>Message</code> instance is contained in the
      <code>Folder</code>'s <code>messages</code> list, and the
      <code>Message</code> instance's <code>folder</code> field
      references the <code>Folder</code> instance.</p>

      <p>If two separate threads invoke the <code>setAllRead()</code>
      method on the <code>Folder</code> instance, and the
      <code>setRead()</code> method on the <code>Message</code>
      instance concurrently, then it is possible for the following
      sequence of events to occur:</p>

      <ol>

      <li>The first thread acquires the lock on the
      <code>Folder</code> instance, because the
      <code>setAllRead()</code> method is declared as
      <code>synchronized</code>. The thread then proceeds to work its
      way along the list of messages, calling <code>setRead()</code>
      on each one.</li>

      <li>The second thread acquires the lock on the
      <code>Message</code> instance, because the
      <code>setRead()</code> method is declared as
      <code>synchronized</code>.</li>

      <li>The first thread now invokes <code>setRead()</code> on the
      <code>Message</code> instance that the second thread has already
      invoked <code>setRead()</code> on. Since this method is declared
      as <code>synchronized</code>, the first thread attempts to
      acquire a lock on the <code>Message</code> instance. It cannot
      acquire this lock, because the second thread already has
      it. Therefore, the first thread blocks, waiting for the lock to
      be released by the second thread.</li>

      <li>The second thread invokes the
      <code>decrementUnreadCount()</code> method on the
      <code>Folder</code> instance. Since this method is declared as
      <code>synchronized</code>, the second thread attempts to acquire
      a lock on the <code>Folder</code> instance. It cannot acquire
      this lock, because the first thread already has it due to
      <code>setAllRead()</code> being declared
      <code>synchronized</code>. The second thread now blocks, waiting
      for the lock to be released by the first thread.</li>

      </ol>

      <p>Both of the threads are now blocked, waiting for the other
      to release the lock they are attempting to acquire. Since
      neither thread can make any progress, the pair of threads has
      entered a deadlock situation.</p>

      <p>ThreadSafe reports a potential deadlock vulnerability present
      in the code above, due to the circular dependency between the
      <code>Folder</code> and <code>Message</code> classes, and the
      fact that each calls a method on the other that acquires a lock,
      while holding a lock.</p>

      <h2>Risks and Remediation</h2>

      <p>Once two or more threads enter a deadlock situation, the work
      that was intended to be carried out by the threads will not
      happen, and the system as a whole will appear to become
      unresponsive, or will fail to completely carry out some task. A
      deadlock in one subsystem can cause deadlocks or interruptions
      in service in other subsystems while they wait forever for
      deadlocked threads to finish.</p>

      <p>Code that is vulnerable to deadlocks can be fixed by ensuring
      that all locks are acquired in a consistent order, so that there
      is no possibility of circular dependencies between lock
      acquisitions. The book <em>Java Concurrency in Practice</em> by
      Goetz <em>et al.</em> (Chapter 10) has more information on how
      write concurrent code that is not vulnerable to deadlocks
      arising from incorrect use of Java's synchronization
      primitives.</p>

      ]]></description>
    </rule>

    <rule id="CCE_RA_GUARDED_BY_VIOLATED"
          name="GuardedBy annotation violated"
          category="Locking"
          severity="major">
      <description><![CDATA[

    <p>The field's <code>@GuardedBy</code> annotation has been
    violated.</p>

    <p>This field has been annotated with a <code>@GuardedBy</code>
    specification describing the lock that should be used to guard all
    accesses to that field. However, there are cases when the field
    has been accessed without the lock being held.</p>

    <h2>Details</h2>

    <p>This rule looks for fields that have been annotated with a
    <code>@GuardedBy</code> specification, but where one or more
    accesses of that field do not hold the required lock.</p>

    <p>The following code snippet demonstrates an example of a class
    declaration for which ThreadSafe will report that the
    <code>@GuardedBy</code> annotation has been violated:</p>

    <pre><code>
      public class GuardedField {

          @GuardedBy("this")
          private int value;

          public void writeField(int newValue) {
              value = newValue;
          }

      }
</code></pre>

    <p>The class <code>GuardedField</code> declares a field
    <code>value</code> that has a <code>@GuardedBy</code> annotation
    stating that all accesses to the field must be guarded by first
    synchronizing on "<code>this</code>", i.e., the instance
    containing the field.</p>

    <p>The method <code>writeField(int)</code> does no
    synchronization, so ThreadSafe will report that the field
    <code>value</code>'s <code>@GuardedBy</code> annotation has been
    violated.</p>

    <p>To fix this warning, the implementation of the
    <code>writeField(int)</code> method should be changed so that it
    synchronizes on "<code>this</code>":</p>

    <pre><code>
          public synchronized void writeField(int newValue) {
              value = newValue;
          }
    </code></pre>

    <p>ThreadSafe understands the following syntax for specifying
    guards in <code>@GuardedBy</code> annotations:</p>

    <ul>

      <li><code>"this"</code>: the annotated field is guarded by a
      lock held on the enclosing instance.</li>

      <li><code>"fieldName"</code> and <code>"this.fieldName"</code>:
      the annotated field is guarded by a lock held on the object
      referenced by the field <code>fieldName</code> in the same
      instance. If <code>fieldName</code> is not a field of reference
      type (i.e., it is of primitive type: <code>int</code>,
      <code>long</code>, <code>float</code>, or <code>double</code>),
      then the annotation is invalid. If <code>fieldName</code> is of
      a type that is an implementation of the
      <code>java.util.concurrent.locks.Lock</code> interface, then it
      is expected that the annotated field is guarded by the use of
      <code>fieldName.lock()</code> instead of
      <code>synchronized</code> blocks.</li>

      <li><code>"C.class"</code>: the annotated field is guarded by a
      lock held on the class <code>C</code>.</li>

      <li><code>"C.fieldName"</code>: the annotated field is guarded
      by a lock held on the object referenced by the <em>static</em>
      field <code>fieldName</code>. If <code>fieldName</code> is not a
      field of reference type (i.e., it is of primitive type:
      <code>int</code>, <code>long</code>, <code>float</code>, or
      <code>double</code>), then the annotation is invalid. If
      <code>fieldName</code> is of a type that is an implementation of
      the <code>java.util.concurrent.locks.Lock</code> interface, then
      it is expected that the annotated field is guarded by the use of
      <code>fieldName.lock()</code> instead of
      <code>synchronized</code> blocks.</li>

    </ul>

    <h2>Risks and Remediation</h2>

    <p><code>@GuardedBy</code> annotations are used to document the
    locking strategy used by a class to enable concurrent
    access. Failure to correctly implement a locking strategy means
    that instances of this class will act unreliably when used from
    multiple concurrent threads.</p>

    <p>Violations of <code>@GuardedBy</code> annotations can be fixed
    by ensuring that all accesses to the field are guarded by the
    correct lock.</p>]]></description>
    </rule>

    <rule id="CCE_RA_GUARD_NOT_FINAL"
          name="Guard is not final"
          category="Locking"
          severity="major">
      <description><![CDATA[

      <p>The field references a field as a lock in a
      <code>@GuardedBy</code> annotation but the referenced field is
      not declared as <code>final</code>.</p>

      <p>For a field to be properly guarded, the guard must refer to
      the same lock object every time that locking occurs. This is
      enforced by ensuring that any guard fields are final.</p>

      <h2>Details</h2>

      <p>The following code snippet demonstrates a case where
      ThreadSafe will report that a field referenced by a
      <code>@GuardedBy</code> annotation is not final:</p>

      <pre><code>
      public class NonFinalGuard {

          @GuardedBy("this.lock")
          public int guardedField;

          private Object lock = new Object();

      }
      </code></pre>

      <p>The field <code>guardedField</code> has been annotated with a
      <code>@GuardedBy</code> annotation that references the field
      <code>lock</code> as its guard. However, the field
      <code>lock</code> is not final.</p>

      <p>In general, fields that are used to hold objects that will be
      used as guards ought to be final to ensure that all threads are
      guaranteed to use the same objects for synchronization.</p>
      ]]></description>
    </rule>

    <rule id="CCE_RA_INVALID_GUARD"
          name="Guard expression is not valid"
          category="Locking"
          severity="major">
      <description><![CDATA[

    <p>The guard specified by the @GuardedBy annotation is not
    valid.</p>

    <h2>Details</h2>

    <p>The following reasons can be reported by ThreadSafe when it
    encounters an invalid <code>@GuardedBy</code> annotation:</p>

    <ul>

      <li><strong>Field not found.</strong> The field referenced by
      the <code>@GuardedBy</code> annotation does not exist.</li>

      <li><strong>Field is not a valid guard because its type is
      primitive.</strong>
      The field referenced by the <code>@GuardedBy</code> annotation
      is not of reference type. Only fields of reference type (i.e.,
      non primitive type) are suitable for use as guards.</li>

      <li><strong>Field is static and must not be qualified with
      'this'.</strong>
      The <code>@GuardedBy</code> annotation appears to be referencing
      an instance field because the field name is qualified with
      'this', but the actual field is a static field.
      To correct the problem, the 'this' qualifier should be removed
      or replaced with the class name.</li>

      <li><strong>Field is not static and must not be qualified with
      a class name.</strong>
      The <code>@GuardedBy</code> annotation appears to be referencing
      a static field, because the field name is qualified with a class
      name, but the referenced field is an instance field.
      To correct the problem, the qualifier should be removed, or
      replaced with 'this'.</li>

      <li><strong>Class not found in this package.</strong>
      The class referenced by the <code>@GuardedBy</code> annotation
      could not be found.
      Note that ThreadSafe will only look for the class in the
      package where the <code>@GuardedBy</code> annotation is used.</li>

      <li><strong>Instance field used to guard static field.</strong>
      The <code>@GuardedBy</code> annotation refers to a static field,
      but the annotation is used on an instance (that is, non-static)
      field. Typically, instance fields should be guarded by 'this' or
      another instance field.</li>

      <li><strong>Could not parse @GuardedBy annotation value.</strong>
      ThreadSafe has been unable to understand the guard specifier in this
      annotation.</li>

      <li><strong>The @GuardedBy annotation does not have the expected
      type.</strong>
      The <code>@GuardedBy</code> annotation that was on the classpath
      when this class was compiled did not have the expected type.
      The @GuardedBy annotation should have a single element 'value'
      of type String.
      ThreadSafe understands both the
      <code>net.jcip.annotations.GuardedBy</code> and
      <code>javax.annotation.concurrent.GuardedBy</code>
      annotations.</li>

    </ul>

    <p>The list below shows the valid forms for the <code>@GuardedBy</code>
    parameter:</p>

    <ul>

      <li><code>"this"</code>: the annotated field is guarded by a
      lock held on the enclosing instance.</li>

      <li><code>"fieldName"</code> and <code>"this.fieldName"</code>:
      the annotated field is guarded by a lock held on the object
      referenced by the field <code>fieldName</code> in the same
      instance. If <code>fieldName</code> is not a field of reference
      type (i.e., it is of primitive type: <code>int</code>,
      <code>long</code>, <code>float</code>, or <code>double</code>),
      then the annotation is invalid. If <code>fieldName</code> is of
      a type that is an implementation of the
      <code>java.util.concurrent.locks.Lock</code> interface, then it
      is expected that the annotated field is guarded by the use of
      <code>fieldName.lock()</code> instead of
      <code>synchronized</code> blocks.</li>

      <li><code>"C.class"</code>: the annotated field is guarded by a
      lock held on the class <code>C</code>.</li>

      <li><code>"C.fieldName"</code>: the annotated field is guarded
      by a lock held on the object referenced by the <em>static</em>
      field <code>fieldName</code>. If <code>fieldName</code> is not a
      field of reference type (i.e., it is of primitive type:
      <code>int</code>, <code>long</code>, <code>float</code>, or
      <code>double</code>), then the annotation is invalid. If
      <code>fieldName</code> is of a type that is an implementation of
      the <code>java.util.concurrent.locks.Lock</code> interface, then
      it is expected that the annotated field is guarded by the use of
      <code>fieldName.lock()</code> instead of
      <code>synchronized</code> blocks.</li>

    </ul>
      ]]>
      </description>
    </rule>

  </rules>
</definitions>
