<?xml version="1.0" encoding="UTF-8"?>
<?NLS TYPE="org.eclipse.help.toc"?>

<toc label="Rules" link_to="toc.xml#rules">
        <topic label="Call to blocking method while holding lock" href="html/rules/CCE_LK_LOCKED_BLOCKING_CALLS.html" /> 
        <topic label="ConcurrentModificationException caught" href="html/rules/CCE_BC_CONCURRENT_MODIFICATION.html" /> 
        <topic label="Deadlock due to circularity in lock dependencies" href="html/rules/CCE_DL_DEADLOCK.html" /> 
        <topic label="Field reassigned while holding a lock on its value" href="html/rules/CCE_CC_FIELD_LOCK_WRITE.html" /> 
        <topic label="Get/check/put used rather than putIfAbsent" href="html/rules/CCE_CC_SUGGEST_PUTIFABSENT.html" /> 
        <topic label="Guard expression is not valid" href="html/rules/CCE_RA_INVALID_GUARD.html" /> 
        <topic label="Guard is not final" href="html/rules/CCE_RA_GUARD_NOT_FINAL.html" /> 
        <topic label="GuardedBy annotation violated" href="html/rules/CCE_RA_GUARDED_BY_VIOLATED.html" /> 
        <topic label="Inconsistent synchronization of accesses to a collection" href="html/rules/CCE_SL_INCONSISTENT_COL.html" /> 
        <topic label="Inconsistent synchronization of accesses to a field" href="html/rules/CCE_SL_INCONSISTENT.html" /> 
        <topic label="Iterating over a synchronized collection view while holding a lock on the view" href="html/rules/CCE_CC_ITER_VIEW_BOTH_LOCKS.html" /> 
        <topic label="Iteration over collection view while not locking on the backing collection" href="html/rules/CCE_CC_ITER_VIEW_WRONG_LOCK.html" /> 
        <topic label="Lock not released when method throws an exception" href="html/rules/CCE_LK_UNRELEASED_ON_EXN.html" /> 
        <topic label="Mixed synchronization of accesses to a collection stored in a field" href="html/rules/CCE_SL_MIXED_COL.html" /> 
        <topic label="Mixed synchronization of accesses to a field" href="html/rules/CCE_SL_MIXED.html" /> 
        <topic label="No lock held while iterating on a synchronized collection view" href="html/rules/CCE_CC_ITER_VIEW_NO_LOCK.html" /> 
        <topic label="Non atomic Check/Put on threadsafe collection" href="html/rules/CCE_CC_NON_ATOMIC_CP.html" /> 
        <topic label="Non atomic use of Get/Check/Put" href="html/rules/CCE_CC_NON_ATOMIC_GCP.html" /> 
        <topic label="Shared non threadsafe content" href="html/rules/CCE_CC_UNSAFE_CONTENT.html" /> 
        <topic label="Synchronizing on a collection view" href="html/rules/CCE_CC_SYNC_ON_VIEW.html" /> 
        <topic label="Synchronizing on reusable objects" href="html/rules/CCE_CC_REUSEDOBJ_SYNC.html" /> 
        <topic label="Threadsafe collection consistently guarded" href="html/rules/CCE_CC_GUARD_USAGE.html" /> 
        <topic label="Threadsafe collection replaced by potentially unsafe collection" href="html/rules/CCE_CC_UNSAFE_REPLACEMENT.html" /> 
        <topic label="Unsafe iteration over synchronized collection" href="html/rules/CCE_CC_UNSAFE_ITERATION.html" /> 
        <topic label="Unsynchronized access to field from asynchronously invoked method" href="html/rules/CCE_CC_CALLBACK_ACCESS.html" /> 
        <topic label="Use of isLocked() and lock() rather tryLock()" href="html/rules/CCE_LK_REPLACE_WITH_TRYLOCK.html" /> 
        <topic label="Volatile field only written during initialization" href="html/rules/CCE_FF_VOLATILE.html" /> 

</toc>
