<?xml version="1.0" encoding="UTF-8"?>
<?NLS TYPE="org.eclipse.help.toc"?>

<toc label="Tasks" link_to="toc.xml#tasks">
    <topic label="Running analyses"         href="html/tasks/runanalyses.html"/>
    <topic label="Investigating results"    href="html/tasks/investigateresults.html" />
    <topic label="Configuring analyses"     href="html/tasks/configanalyses.html"/>
    <topic label="Using @GuardedBy annotations" href="html/tasks/guardedby.html"/>
    <topic label="Sharing configurations"   href="html/tasks/shareconfig.html"/>
    <topic label="Suppressing findings"     href="html/tasks/suppressions.html" />
    <topic label="Updating ThreadSafe"      href="html/tasks/updatethreadsafe.html"/>
    <topic label="Configuring license key"  href="html/tasks/licensekey.html"/>
</toc>
