<?xml version='1.0' encoding='ISO-8859-1'  ?>

<!--
 HelpSetIndex.xml.xml	1.8 06/10/30
 
 Copyright (c) 2006 Sun Microsystems, Inc.  All Rights Reserved.
 
 Redistribution and use in source and binary forms, with or without
 modification, are permitted provided that the following conditions
 are met:
 
 - Redistribution of source code must retain the above copyright
   notice, this list of conditions and the following disclaimer.
 
 - Redistribution in binary form must reproduce the above copyright
   notice, this list of conditions and the following disclaimer in
   the documentation and/or other materials provided with the
   distribution.
 
 Neither the name of Sun Microsystems, Inc. or the names of
 contributors may be used to endorse or promote products derived
 from this software without specific prior written permission.
 
 This software is provided "AS IS," without a warranty of any
 kind. ALL EXPRESS OR IMPLIED CONDITIONS, REPRESENTATIONS AND
 WARRANTIES, INCLUDING ANY IMPLIED WARRANTY OF MERCHANTABILITY,
 FITNESS FOR A PARTICULAR PURPOSE OR NON-INFRINGEMENT, ARE HEREBY
 EXCLUDED. SUN MICROSYSTEMS, INC. ("SUN") AND ITS LICENSORS SHALL
 NOT BE LIABLE FOR ANY DAMAGES SUFFERED BY LICENSEE AS A RESULT OF
 USING, MODIFYING OR DISTRIBUTING THIS SOFTWARE OR ITS
 DERIVATIVES. IN NO EVENT WILL SUN OR ITS LICENSORS BE LIABLE FOR
 ANY LOST REVENUE, PROFIT OR DATA, OR FOR DIRECT, INDIRECT, SPECIAL,
 CONSEQUENTIAL, INCIDENTAL OR PUNITIVE DAMAGES, HOWEVER CAUSED AND
 REGARDLESS OF THE THEORY OF LIABILITY, ARISING OUT OF THE USE OF OR
 INABILITY TO USE THIS SOFTWARE, EVEN IF SUN HAS BEEN ADVISED OF THE
 POSSIBILITY OF SUCH DAMAGES.
 
 You acknowledge that this software is not designed, licensed or
 intended for use in the design, construction, operation or
 maintenance of any nuclear facility. 
-->

<!DOCTYPE index
  PUBLIC "-//Sun Microsystems Inc.//DTD JavaHelp Index Version 1.0//EN"
         "http://java.sun.com/products/javahelp/index_1_0.dtd">
<index version="1.0">

    <indexitem text="Contemplate ThreadSafe" target="rootContent"/>
    <indexitem text="Concepts" target="concepts"/>
    <indexitem text="Task" target="taskContent" />
    <indexitem text="Running Analyses" target="runanalyses"/>
    <indexitem text="Investigating results" target="investigatingresults"/>
    <indexitem text="Configuring Analyses" target="configanalyses"/>
    <indexitem text="Using @GuardedBy annotations" target="guardedby"/>
    <indexitem text="Sharing Configurations" target="shareconfig"/>
    <indexitem text="Suppressing findings" target="suppressions"/>
    <indexitem text="Updating ThreadSafe" target="updatethreadsafe"/>
    <indexitem text="Configuring License key" target="licensekey"/>
    <indexitem text="Reference" target="referenceContent"/>
    <indexitem text="ThreadSafe View" target="threadsafeview"/>
    <indexitem text="Accesses View" target="accessesview"/>
    <indexitem text="Rreferences" target="preferences"/>
    <indexitem text="Rules" target="ruleContent"/>
    <indexitem text="ConcurrentModificationException caught" target="CCE_BC_CONCURRENT_MODIFICATION" />
    <indexitem text="Deadlock due to circularity in lock dependencies" target="CCE_DL_DEADLOCK" />
    <indexitem text="Field reassigned while holding a lock on its value" target="CCE_CC_FIELD_LOCK_WRITE" />
    <indexitem text="Get/check/put used rather than putIfAbsent" target="CCE_CC_SUGGEST_PUTIFABSENT" />
    <indexitem text="Guard expression is not valid" target="CCE_RA_INVALID_GUARD" />
    <indexitem text="Guard is not final" target="CCE_RA_GUARD_NOT_FINAL" />
    <indexitem text="GuardedBy annotation violated" target="CCE_RA_GUARDED_BY_VIOLATED" />
    <indexitem text="Inconsistent synchronization of accesses to a collection" target="CCE_SL_INCONSISTENT_COL" />
    <indexitem text="Inconsistent synchronization of accesses to a field" target="CCE_SL_INCONSISTENT" />
    <indexitem text="Iterating over a synchronized collection view while holding a lock on the view" target="CCE_CC_ITER_VIEW_BOTH_LOCKS" />
    <indexitem text="Iteration over collection view while not locking on the backing collection" target="CCE_CC_ITER_VIEW_WRONG_LOCK" />
    <indexitem text="Lock not released when method throws an exception" target="CCE_LK_UNRELEASED_ON_EXN" />
    <indexitem text="Mixed synchronization of accesses to a collection stored in a field" target="CCE_SL_MIXED_COL" />
    <indexitem text="Mixed synchronization of accesses to a field" target="CCE_SL_MIXED" />
    <indexitem text="No lock held while iterating on a synchronized collection view" target="CCE_CC_ITER_VIEW_NO_LOCK" />
    <indexitem text="Non atomic Check/Put on threadsafe collection" target="CCE_CC_NON_ATOMIC_CP" />
    <indexitem text="Non atomic use of Get/Check/Put" target="CCE_CC_NON_ATOMIC_GCP" />
    <indexitem text="Shared non threadsafe content" target="CCE_CC_UNSAFE_CONTENT" />
    <indexitem text="Synchronizing on a collection view" target="CCE_CC_SYNC_ON_VIEW" />
    <indexitem text="Synchronizing on reusable objects" target="CCE_CC_REUSEDOBJ_SYNC" />
    <indexitem text="Threadsafe collection consistently guarded" target="CCE_CC_GUARD_USAGE" />
    <indexitem text="Threadsafe collection replaced by potentially unsafe collection" target="CCE_CC_UNSAFE_REPLACEMENT" />
    <indexitem text="Unsafe iteration over synchronized collection" target="CCE_CC_UNSAFE_ITERATION" />
    <indexitem text="Unsynchronized access to field from asynchronously invoked method" target="CCE_CC_CALLBACK_ACCESS" />
    <indexitem text="Use of isLocked() and lock() rather tryLock()" target="CCE_LK_REPLACE_WITH_TRYLOCK" />
    <indexitem text="Volatile field only written during initialization" target="CCE_FF_VOLATILE" />

</index>

