<?xml version='1.0' encoding='ISO-8859-1'  ?>

<!--
 HelpSetTOC.xml.xml	1.8 06/10/30
 
 Copyright (c) 2006 Sun Microsystems, Inc.  All Rights Reserved.
 
 Redistribution and use in source and binary forms, with or without
 modification, are permitted provided that the following conditions
 are met:
 
 - Redistribution of source code must retain the above copyright
   notice, this list of conditions and the following disclaimer.
 
 - Redistribution in binary form must reproduce the above copyright
   notice, this list of conditions and the following disclaimer in
   the documentation and/or other materials provided with the
   distribution.
 
 Neither the name of Sun Microsystems, Inc. or the names of
 contributors may be used to endorse or promote products derived
 from this software without specific prior written permission.
 
 This software is provided "AS IS," without a warranty of any
 kind. ALL EXPRESS OR IMPLIED CONDITIONS, REPRESENTATIONS AND
 WARRANTIES, INCLUDING ANY IMPLIED WARRANTY OF MERCHANTABILITY,
 FITNESS FOR A PARTICULAR PURPOSE OR NON-INFRINGEMENT, ARE HEREBY
 EXCLUDED. SUN MICROSYSTEMS, INC. ("SUN") AND ITS LICENSORS SHALL
 NOT BE LIABLE FOR ANY DAMAGES SUFFERED BY LICENSEE AS A RESULT OF
 USING, MODIFYING OR DISTRIBUTING THIS SOFTWARE OR ITS
 DERIVATIVES. IN NO EVENT WILL SUN OR ITS LICENSORS BE LIABLE FOR
 ANY LOST REVENUE, PROFIT OR DATA, OR FOR DIRECT, INDIRECT, SPECIAL,
 CONSEQUENTIAL, INCIDENTAL OR PUNITIVE DAMAGES, HOWEVER CAUSED AND
 REGARDLESS OF THE THEORY OF LIABILITY, ARISING OUT OF THE USE OF OR
 INABILITY TO USE THIS SOFTWARE, EVEN IF SUN HAS BEEN ADVISED OF THE
 POSSIBILITY OF SUCH DAMAGES.
 
 You acknowledge that this software is not designed, licensed or
 intended for use in the design, construction, operation or
 maintenance of any nuclear facility. 
-->

<!DOCTYPE toc
  PUBLIC "-//Sun Microsystems Inc.//DTD JavaHelp TOC Version 1.0//EN"
         "http://java.sun.com/products/javahelp/toc_1_0.dtd">
<toc version="1.0">
  <tocitem text="Contemplate ThreadSafe" target="rootContent">
    <tocitem text="Concepts" target="concepts"/>
    <tocitem text="Task" target="taskContent">
      <tocitem text="Running Analyses" target="runanalyses"/>
      <tocitem text="Investigating results" target="investigatingresults"/>
      <tocitem text="Configuring Analyses" target="configanalyses"/>
      <tocitem text="Using @GuardedBy annotations" target="guardedby"/>
      <tocitem text="Sharing Configurations" target="shareconfig"/>
      <tocitem text="Suppressing findings" target="suppressions"/>
      <tocitem text="Updating ThreadSafe" target="updatethreadsafe"/>
      <tocitem text="Configuring License key" target="licensekey"/>
    </tocitem>
    <tocitem text="Reference" target="referenceContent">
      <tocitem text="ThreadSafe View" target="threadsafeview"/>
      <tocitem text="Accesses View" target="accessesview"/>
      <tocitem text="Rreferences" target="preferences"/>
    </tocitem>
    <tocitem text="Rules" target="ruleContent">
      <tocitem text="ConcurrentModificationException caught" target="CCE_BC_CONCURRENT_MODIFICATION" />
      <tocitem text="Deadlock due to circularity in lock dependencies" target="CCE_DL_DEADLOCK" />
      <tocitem text="Field reassigned while holding a lock on its value" target="CCE_CC_FIELD_LOCK_WRITE" />
      <tocitem text="Get/check/put used rather than putIfAbsent" target="CCE_CC_SUGGEST_PUTIFABSENT" />
      <tocitem text="Guard expression is not valid" target="CCE_RA_INVALID_GUARD" />
      <tocitem text="Guard is not final" target="CCE_RA_GUARD_NOT_FINAL" />
      <tocitem text="GuardedBy annotation violated" target="CCE_RA_GUARDED_BY_VIOLATED" />
      <tocitem text="Inconsistent synchronization of accesses to a collection" target="CCE_SL_INCONSISTENT_COL" />
      <tocitem text="Inconsistent synchronization of accesses to a field" target="CCE_SL_INCONSISTENT" />
      <tocitem text="Iterating over a synchronized collection view while holding a lock on the view" target="CCE_CC_ITER_VIEW_BOTH_LOCKS" />
      <tocitem text="Iteration over collection view while not locking on the backing collection" target="CCE_CC_ITER_VIEW_WRONG_LOCK" />
      <tocitem text="Lock not released when method throws an exception" target="CCE_LK_UNRELEASED_ON_EXN" />
      <tocitem text="Mixed synchronization of accesses to a collection stored in a field" target="CCE_SL_MIXED_COL" />
      <tocitem text="Mixed synchronization of accesses to a field" target="CCE_SL_MIXED" />
      <tocitem text="No lock held while iterating on a synchronized collection view" target="CCE_CC_ITER_VIEW_NO_LOCK" />
      <tocitem text="Non atomic Check/Put on threadsafe collection" target="CCE_CC_NON_ATOMIC_CP" />
      <tocitem text="Non atomic use of Get/Check/Put" target="CCE_CC_NON_ATOMIC_GCP" />
      <tocitem text="Shared non threadsafe content" target="CCE_CC_UNSAFE_CONTENT" />
      <tocitem text="Synchronizing on a collection view" target="CCE_CC_SYNC_ON_VIEW" />
      <tocitem text="Synchronizing on reusable objects" target="CCE_CC_REUSEDOBJ_SYNC" />
      <tocitem text="Threadsafe collection consistently guarded" target="CCE_CC_GUARD_USAGE" />
      <tocitem text="Threadsafe collection replaced by potentially unsafe collection" target="CCE_CC_UNSAFE_REPLACEMENT" />
      <tocitem text="Unsafe iteration over synchronized collection" target="CCE_CC_UNSAFE_ITERATION" />
      <tocitem text="Unsynchronized access to field from asynchronously invoked method" target="CCE_CC_CALLBACK_ACCESS" />
      <tocitem text="Use of isLocked() and lock() rather tryLock()" target="CCE_LK_REPLACE_WITH_TRYLOCK" />
      <tocitem text="Volatile field only written during initialization" target="CCE_FF_VOLATILE" />
    </tocitem>
  </tocitem>
</toc>
